[
  {
    "image_name": "70200001.jpg"
  },
  {
    "image_name": "70200002.jpg"
  },
  {
    "image_name": "70200003.jpg"
  },
  {
    "image_name": "70200004.jpg"
  },
  {
    "image_name": "70200005.jpg"
  },
  {
    "image_name": "70200006.jpg"
  },
  {
    "image_name": "70200007.jpg"
  },
  {
    "image_name": "70200008.jpg"
  },
  {
    "image_name": "70200009.jpg"
  },
  {
    "image_name": "70200010.jpg"
  },
  {
    "image_name": "70200011.jpg"
  },
  {
    "image_name": "70200012.jpg"
  },
  {
    "image_name": "70200013.jpg"
  },
  {
    "image_name": "70200014.jpg"
  },
  {
    "image_name": "70200015.jpg"
  },
  {
    "image_name": "70200016.jpg"
  },
  {
    "image_name": "70200017.jpg"
  },
  {
    "image_name": "70200018.jpg"
  },
  {
    "image_name": "70200019.jpg"
  },
  {
    "image_name": "70200020.jpg"
  },
  {
    "image_name": "70200021.jpg"
  },
  {
    "image_name": "70200022.jpg"
  },
  {
    "image_name": "70200023.jpg"
  },
  {
    "image_name": "70200024.jpg"
  },
  {
    "image_name": "70200025.jpg"
  },
  {
    "image_name": "70200026.jpg"
  },
  {
    "image_name": "70200027.jpg"
  },
  {
    "image_name": "70200028.jpg"
  },
  {
    "image_name": "70200029.jpg"
  },
  {
    "image_name": "70200030.jpg"
  },
  {
    "image_name": "70200031.jpg"
  },
  {
    "image_name": "70200032.jpg"
  },
  {
    "image_name": "70200033.jpg"
  },
  {
    "image_name": "70200034.jpg"
  },
  {
    "image_name": "70200035.jpg"
  },
  {
    "image_name": "70200036.jpg"
  },
  {
    "image_name": "70200037.jpg"
  },
  {
    "image_name": "70200038.jpg"
  },
  {
    "image_name": "70200039.jpg"
  },
  {
    "image_name": "70200040.jpg"
  }
]