[
  {
    "image_name": "70100001.jpg"
  },
  {
    "image_name": "70100002.jpg"
  },
  {
    "image_name": "70100003.jpg"
  },
  {
    "image_name": "70100004.jpg"
  },
  {
    "image_name": "70100005.jpg"
  },
  {
    "image_name": "70100006.jpg"
  },
  {
    "image_name": "70100007.jpg"
  },
  {
    "image_name": "70100008.jpg"
  },
  {
    "image_name": "70100009.jpg"
  },
  {
    "image_name": "70100010.jpg"
  },
  {
    "image_name": "70100011.jpg"
  },
  {
    "image_name": "70100012.jpg"
  },
  {
    "image_name": "70100013.jpg"
  },
  {
    "image_name": "70100014.jpg"
  },
  {
    "image_name": "70100015.jpg"
  },
  {
    "image_name": "70100016.jpg"
  },
  {
    "image_name": "70100017.jpg"
  },
  {
    "image_name": "70100018.jpg"
  },
  {
    "image_name": "70100019.jpg"
  },
  {
    "image_name": "70100020.jpg"
  },
  {
    "image_name": "70100021.jpg"
  },
  {
    "image_name": "70100022.jpg"
  },
  {
    "image_name": "70100023.jpg"
  },
  {
    "image_name": "70100024.jpg"
  },
  {
    "image_name": "70100025.jpg"
  },
  {
    "image_name": "70100026.jpg"
  },
  {
    "image_name": "70100027.jpg"
  },
  {
    "image_name": "70100028.jpg"
  },
  {
    "image_name": "70100029.jpg"
  },
  {
    "image_name": "70100030.jpg"
  },
  {
    "image_name": "70100031.jpg"
  },
  {
    "image_name": "70100032.jpg"
  },
  {
    "image_name": "70100033.jpg"
  },
  {
    "image_name": "70100034.jpg"
  },
  {
    "image_name": "70100035.jpg"
  },
  {
    "image_name": "70100036.jpg"
  },
  {
    "image_name": "70100037.jpg"
  },
  {
    "image_name": "70100038.jpg"
  },
  {
    "image_name": "70100039.jpg"
  },
  {
    "image_name": "70100040.jpg"
  }
]