[
  {
    "image_name": "70300001.jpg"
  },
  {
    "image_name": "70300002.jpg"
  },
  {
    "image_name": "70300003.jpg"
  },
  {
    "image_name": "70300004.jpg"
  },
  {
    "image_name": "70300005.jpg"
  },
  {
    "image_name": "70300006.jpg"
  },
  {
    "image_name": "70300007.jpg"
  },
  {
    "image_name": "70300008.jpg"
  },
  {
    "image_name": "70300009.jpg"
  },
  {
    "image_name": "70300010.jpg"
  },
  {
    "image_name": "70300011.jpg"
  },
  {
    "image_name": "70300012.jpg"
  },
  {
    "image_name": "70300013.jpg"
  },
  {
    "image_name": "70300014.jpg"
  },
  {
    "image_name": "70300015.jpg"
  },
  {
    "image_name": "70300016.jpg"
  },
  {
    "image_name": "70300017.jpg"
  },
  {
    "image_name": "70300018.jpg"
  },
  {
    "image_name": "70300019.jpg"
  },
  {
    "image_name": "70300020.jpg"
  },
  {
    "image_name": "70300021.jpg"
  },
  {
    "image_name": "70300022.jpg"
  },
  {
    "image_name": "70300023.jpg"
  },
  {
    "image_name": "70300024.jpg"
  },
  {
    "image_name": "70300025.jpg"
  },
  {
    "image_name": "70300026.jpg"
  },
  {
    "image_name": "70300027.jpg"
  },
  {
    "image_name": "70300028.jpg"
  },
  {
    "image_name": "70300029.jpg"
  },
  {
    "image_name": "70300030.jpg"
  },
  {
    "image_name": "70300031.jpg"
  },
  {
    "image_name": "70300032.jpg"
  },
  {
    "image_name": "70300033.jpg"
  },
  {
    "image_name": "70300034.jpg"
  },
  {
    "image_name": "70300035.jpg"
  },
  {
    "image_name": "70300036.jpg"
  },
  {
    "image_name": "70300037.jpg"
  },
  {
    "image_name": "70300038.jpg"
  },
  {
    "image_name": "70300039.jpg"
  },
  {
    "image_name": "70300040.jpg"
  }
]